,Image,Nucleus_ID,X,Y
1,002_study1_image002_AF.png,1,136.500,40.500
2,002_study1_image002_AF.png,2,118.500,64.500
3,002_study1_image002_AF.png,3,112.833,89.500
4,002_study1_image002_AF.png,4,95.500,108.500
5,002_study1_image002_AF.png,5,108.833,109.167
6,002_study1_image002_AF.png,6,150.833,25.833
7,002_study1_image002_AF.png,7,132.833,17.833
8,002_study1_image002_AF.png,8,187.500,57.167
9,002_study1_image002_AF.png,9,152.500,53.167
10,002_study1_image002_AF.png,10,201.833,65.833
11,002_study1_image002_AF.png,11,189.167,108.500
12,002_study1_image002_AF.png,12,152.833,105.500
13,002_study1_image002_AF.png,13,164.167,155.833
14,002_study1_image002_AF.png,14,152.167,174.500
15,002_study1_image002_AF.png,15,77.833,152.833
16,002_study1_image002_AF.png,16,63.833,169.500
17,002_study1_image002_AF.png,17,100.167,148.833
18,002_study1_image002_AF.png,18,46.500,175.167
19,002_study1_image002_AF.png,19,261.167,138.167
20,002_study1_image002_AF.png,20,278.167,152.167
21,002_study1_image002_AF.png,21,325.167,162.833
22,002_study1_image002_AF.png,22,295.833,127.167
23,002_study1_image002_AF.png,23,335.500,203.167
24,002_study1_image002_AF.png,24,247.833,193.500
25,002_study1_image002_AF.png,25,281.833,178.500
26,002_study1_image002_AF.png,26,236.833,45.500
27,002_study1_image002_AF.png,27,87.833,205.500
28,002_study1_image002_AF.png,28,96.500,218.167
29,002_study1_image002_AF.png,29,132.833,221.500
30,002_study1_image002_AF.png,30,188.833,273.500
31,002_study1_image002_AF.png,31,169.833,265.833
32,002_study1_image002_AF.png,32,228.833,291.167
33,002_study1_image002_AF.png,33,224.167,411.833
34,002_study1_image002_AF.png,34,205.167,422.167
35,002_study1_image002_AF.png,35,196.167,434.833
36,002_study1_image002_AF.png,36,112.167,410.833
37,002_study1_image002_AF.png,37,126.833,389.500
38,002_study1_image002_AF.png,38,97.167,394.167
39,002_study1_image002_AF.png,39,100.500,377.167
40,002_study1_image002_AF.png,40,113.833,381.167
41,002_study1_image002_AF.png,41,29.833,323.167
42,002_study1_image002_AF.png,42,22.833,346.833
43,002_study1_image002_AF.png,43,270.167,345.167
44,002_study1_image002_AF.png,44,289.833,386.500
45,002_study1_image002_AF.png,45,327.833,411.167
46,002_study1_image002_AF.png,46,349.167,412.500
47,002_study1_image002_AF.png,47,364.833,400.500
48,002_study1_image002_AF.png,48,375.833,353.500
49,002_study1_image002_AF.png,49,343.833,312.833
50,002_study1_image002_AF.png,50,333.167,277.500
51,002_study1_image002_AF.png,51,354.500,295.500
52,002_study1_image002_AF.png,52,493.833,54.167
53,002_study1_image002_AF.png,53,473.833,49.167
54,002_study1_image002_AF.png,54,503.500,138.500
55,002_study1_image002_AF.png,55,79.500,113.167
56,036_study1_image036_AF.png,22,305.500,245.167
57,036_study1_image036_AF.png,23,322.167,223.833
58,036_study1_image036_AF.png,24,313.167,142.167
59,036_study1_image036_AF.png,25,339.833,139.500
60,036_study1_image036_AF.png,26,384.167,103.500
61,036_study1_image036_AF.png,27,403.833,97.833
62,036_study1_image036_AF.png,28,371.833,67.833
63,036_study1_image036_AF.png,29,224.500,72.500
64,036_study1_image036_AF.png,30,213.167,77.167
65,036_study1_image036_AF.png,31,243.833,56.167
66,036_study1_image036_AF.png,32,201.500,61.833
67,036_study1_image036_AF.png,33,74.167,53.500
68,036_study1_image036_AF.png,34,51.500,265.833
69,036_study1_image036_AF.png,35,39.167,283.167
70,036_study1_image036_AF.png,36,25.833,277.167
71,036_study1_image036_AF.png,37,340.500,392.500
72,036_study1_image036_AF.png,38,249.833,330.833
73,036_study1_image036_AF.png,39,176.500,245.833
74,036_study1_image036_AF.png,40,192.833,32.833
75,036_study1_image036_AF.png,41,270.500,73.500
76,036_study1_image036_AF.png,42,368.833,216.500
77,036_study1_image036_AF.png,43,378.833,191.167
78,036_study1_image036_AF.png,44,285.500,254.167
79,036_study1_image036_AF.png,45,286.833,240.833
80,036_study1_image036_AF.png,46,416.500,251.167
81,036_study1_image036_AF.png,47,242.500,125.500
82,036_study1_image036_AF.png,48,302.500,42.833
83,036_study1_image036_AF.png,49,58.833,32.833
84,036_study1_image036_AF.png,50,375.500,287.167
85,036_study1_image036_AF.png,51,75.833,279.167
86,036_study1_image036_AF.png,52,106.167,98.500
87,036_study1_image036_AF.png,53,324.833,387.833
88,036_study1_image036_AF.png,54,164.167,77.833
89,036_study1_image036_AF.png,55,188.833,78.500
90,036_study1_image036_AF.png,56,85.500,202.167
91,036_study1_image036_AF.png,57,84.167,232.833
92,036_study1_image036_AF.png,58,450.500,256.167
93,036_study1_image036_AF.png,59,453.500,234.167
94,059_study1_image059_AF.png,1,20.833,16.833
95,059_study1_image059_AF.png,2,38.500,21.500
96,059_study1_image059_AF.png,3,52.167,43.833
97,059_study1_image059_AF.png,4,27.167,52.500
98,059_study1_image059_AF.png,5,19.833,35.167
99,059_study1_image059_AF.png,6,5.167,50.500
100,059_study1_image059_AF.png,7,61.833,102.833
101,059_study1_image059_AF.png,8,93.833,106.167
102,059_study1_image059_AF.png,9,112.500,192.167
103,059_study1_image059_AF.png,10,134.167,210.167
104,059_study1_image059_AF.png,11,73.833,226.833
105,059_study1_image059_AF.png,12,28.500,206.500
106,059_study1_image059_AF.png,13,133.167,102.167
107,059_study1_image059_AF.png,14,138.833,76.833
108,059_study1_image059_AF.png,15,156.500,69.833
109,059_study1_image059_AF.png,16,175.500,88.500
110,059_study1_image059_AF.png,17,179.500,115.500
111,059_study1_image059_AF.png,18,182.833,70.500
112,059_study1_image059_AF.png,19,224.167,63.500
113,059_study1_image059_AF.png,20,178.500,5.500
114,059_study1_image059_AF.png,21,147.833,17.833
115,059_study1_image059_AF.png,22,320.833,13.833
116,059_study1_image059_AF.png,23,334.167,26.833
117,059_study1_image059_AF.png,24,369.833,40.833
118,059_study1_image059_AF.png,25,357.500,55.167
119,059_study1_image059_AF.png,26,333.167,57.500
120,059_study1_image059_AF.png,27,309.500,85.833
121,059_study1_image059_AF.png,28,294.833,106.500
122,059_study1_image059_AF.png,29,311.500,111.167
123,059_study1_image059_AF.png,30,343.833,98.167
124,059_study1_image059_AF.png,31,273.833,83.167
125,059_study1_image059_AF.png,32,274.500,101.167
126,059_study1_image059_AF.png,33,240.167,110.167
127,059_study1_image059_AF.png,34,228.167,125.167
128,059_study1_image059_AF.png,35,254.167,39.500
129,059_study1_image059_AF.png,36,241.833,51.167
130,059_study1_image059_AF.png,37,285.167,166.500
131,059_study1_image059_AF.png,38,265.500,167.167
132,059_study1_image059_AF.png,39,252.833,169.500
133,059_study1_image059_AF.png,40,235.833,177.167
134,059_study1_image059_AF.png,41,166.500,197.833
135,059_study1_image059_AF.png,42,183.167,217.167
136,059_study1_image059_AF.png,43,183.833,231.167
137,059_study1_image059_AF.png,44,196.500,248.167
138,059_study1_image059_AF.png,45,123.500,243.167
139,059_study1_image059_AF.png,46,123.833,267.833
140,059_study1_image059_AF.png,47,100.500,269.167
141,059_study1_image059_AF.png,48,61.167,268.833
142,059_study1_image059_AF.png,49,24.500,277.833
143,059_study1_image059_AF.png,50,31.167,299.500
144,059_study1_image059_AF.png,51,40.167,312.833
145,059_study1_image059_AF.png,52,78.500,331.167
146,059_study1_image059_AF.png,53,55.833,339.167
147,059_study1_image059_AF.png,54,111.167,344.167
148,059_study1_image059_AF.png,55,128.833,340.500
149,059_study1_image059_AF.png,56,102.167,319.833
150,059_study1_image059_AF.png,57,167.500,287.167
151,059_study1_image059_AF.png,58,142.833,303.500
152,059_study1_image059_AF.png,59,132.833,291.500
153,059_study1_image059_AF.png,60,152.833,261.167
154,059_study1_image059_AF.png,61,386.833,57.833
155,059_study1_image059_AF.png,62,402.167,74.833
156,059_study1_image059_AF.png,63,394.500,88.500
157,059_study1_image059_AF.png,64,404.833,98.167
158,059_study1_image059_AF.png,65,430.500,81.500
159,059_study1_image059_AF.png,66,420.500,111.167
160,059_study1_image059_AF.png,67,388.833,27.167
161,059_study1_image059_AF.png,68,424.500,211.167
162,059_study1_image059_AF.png,69,394.833,220.167
163,059_study1_image059_AF.png,70,325.167,243.500
164,059_study1_image059_AF.png,71,328.167,267.167
165,059_study1_image059_AF.png,72,360.500,268.500
166,059_study1_image059_AF.png,73,352.500,285.833
167,059_study1_image059_AF.png,74,335.833,287.167
168,059_study1_image059_AF.png,75,313.500,279.500
169,059_study1_image059_AF.png,76,293.167,277.833
170,059_study1_image059_AF.png,77,281.167,281.167
171,059_study1_image059_AF.png,78,265.833,265.500
172,059_study1_image059_AF.png,79,255.167,278.833
173,059_study1_image059_AF.png,80,233.500,270.833
174,059_study1_image059_AF.png,81,238.167,249.167
175,059_study1_image059_AF.png,82,259.500,250.167
176,059_study1_image059_AF.png,83,271.500,223.167
177,059_study1_image059_AF.png,84,241.167,216.500
178,059_study1_image059_AF.png,85,164.500,138.167
179,059_study1_image059_AF.png,86,186.167,170.167
180,059_study1_image059_AF.png,87,157.833,168.167
181,059_study1_image059_AF.png,88,114.833,137.167
182,059_study1_image059_AF.png,89,117.500,167.500
183,059_study1_image059_AF.png,90,140.167,141.833
184,059_study1_image059_AF.png,91,342.500,160.167
185,059_study1_image059_AF.png,92,370.500,164.500
186,059_study1_image059_AF.png,93,464.167,127.167
187,059_study1_image059_AF.png,94,398.167,407.167
188,059_study1_image059_AF.png,95,422.500,422.500
189,059_study1_image059_AF.png,96,407.500,433.167
190,059_study1_image059_AF.png,97,374.167,427.833
191,059_study1_image059_AF.png,98,350.833,426.167
192,059_study1_image059_AF.png,99,252.500,396.500
193,059_study1_image059_AF.png,100,251.500,426.500
194,059_study1_image059_AF.png,101,228.167,417.833
195,059_study1_image059_AF.png,102,256.500,473.500
196,059_study1_image059_AF.png,103,237.833,478.167
197,059_study1_image059_AF.png,104,223.500,473.500
198,059_study1_image059_AF.png,105,203.833,462.833
199,059_study1_image059_AF.png,106,182.500,469.500
200,059_study1_image059_AF.png,107,201.500,485.833
201,059_study1_image059_AF.png,108,120.500,471.833
202,059_study1_image059_AF.png,109,89.833,484.167
203,059_study1_image059_AF.png,110,84.500,466.167
204,059_study1_image059_AF.png,111,93.167,441.500
205,059_study1_image059_AF.png,112,110.833,414.500
206,059_study1_image059_AF.png,113,106.833,388.833
207,059_study1_image059_AF.png,114,125.833,390.500
208,059_study1_image059_AF.png,115,168.167,386.833
209,059_study1_image059_AF.png,116,180.500,372.833
210,059_study1_image059_AF.png,117,141.833,377.167
211,059_study1_image059_AF.png,118,170.500,330.500
212,059_study1_image059_AF.png,119,256.833,342.833
213,059_study1_image059_AF.png,120,283.833,347.500
214,059_study1_image059_AF.png,121,81.833,374.500
215,059_study1_image059_AF.png,122,46.500,409.500
216,059_study1_image059_AF.png,123,31.500,426.500
217,059_study1_image059_AF.png,124,58.833,423.500
218,059_study1_image059_AF.png,125,43.500,443.167
219,059_study1_image059_AF.png,126,56.500,459.500
220,059_study1_image059_AF.png,127,60.833,476.167
221,059_study1_image059_AF.png,128,78.500,486.500
222,059_study1_image059_AF.png,129,178.167,407.167
223,059_study1_image059_AF.png,130,206.833,393.833
224,059_study1_image059_AF.png,131,128.833,419.167
225,059_study1_image059_AF.png,132,14.833,362.833
226,059_study1_image059_AF.png,133,68.833,361.833
227,059_study1_image059_AF.png,134,453.167,431.833
228,059_study1_image059_AF.png,135,440.500,308.167
229,059_study1_image059_AF.png,136,273.167,296.500
230,059_study1_image059_AF.png,137,299.167,302.833
231,059_study1_image059_AF.png,138,264.833,122.167
232,059_study1_image059_AF.png,139,310.833,133.500
233,059_study1_image059_AF.png,140,362.167,145.167
234,059_study1_image059_AF.png,141,432.500,176.167
235,059_study1_image059_AF.png,142,458.500,214.500
236,059_study1_image059_AF.png,143,427.833,302.833
237,059_study1_image059_AF.png,144,310.833,372.833
238,059_study1_image059_AF.png,145,396.833,468.500
239,059_study1_image059_AF.png,146,133.833,497.500
240,059_study1_image059_AF.png,147,443.500,467.500
241,059_study1_image059_AF.png,148,417.833,493.167
242,059_study1_image059_AF.png,149,272.167,453.167
243,059_study1_image059_AF.png,150,235.833,440.167
244,084_study1_image084_AF.png,1,263.167,41.833
245,084_study1_image084_AF.png,2,225.167,41.833
246,084_study1_image084_AF.png,3,251.500,28.167
247,084_study1_image084_AF.png,4,202.500,38.500
248,084_study1_image084_AF.png,5,262.500,67.167
249,084_study1_image084_AF.png,6,252.500,100.167
250,084_study1_image084_AF.png,7,262.833,112.833
251,084_study1_image084_AF.png,8,234.833,136.167
252,084_study1_image084_AF.png,9,282.167,190.500
253,084_study1_image084_AF.png,11,265.833,181.833
254,084_study1_image084_AF.png,12,244.833,184.167
255,084_study1_image084_AF.png,13,157.833,146.833
256,084_study1_image084_AF.png,14,199.833,161.167
257,084_study1_image084_AF.png,15,236.500,154.500
258,084_study1_image084_AF.png,16,253.500,155.167
259,084_study1_image084_AF.png,17,206.500,114.167
260,084_study1_image084_AF.png,18,208.500,131.833
261,084_study1_image084_AF.png,19,217.167,191.833
262,084_study1_image084_AF.png,20,179.167,235.833
263,084_study1_image084_AF.png,21,214.833,263.500
264,084_study1_image084_AF.png,22,249.833,239.500
265,084_study1_image084_AF.png,23,240.833,257.500
266,084_study1_image084_AF.png,24,270.833,260.167
267,084_study1_image084_AF.png,25,295.167,220.167
268,084_study1_image084_AF.png,26,295.500,235.500
269,084_study1_image084_AF.png,27,368.500,227.167
270,084_study1_image084_AF.png,28,364.833,200.500
271,084_study1_image084_AF.png,29,361.167,177.833
272,084_study1_image084_AF.png,30,377.833,201.833
273,084_study1_image084_AF.png,31,349.167,190.167
274,084_study1_image084_AF.png,32,329.833,177.500
275,084_study1_image084_AF.png,33,305.167,186.833
276,084_study1_image084_AF.png,34,335.500,138.167
277,084_study1_image084_AF.png,35,387.833,122.833
278,084_study1_image084_AF.png,36,414.500,108.500
279,084_study1_image084_AF.png,37,388.833,101.500
280,084_study1_image084_AF.png,38,370.500,90.167
281,084_study1_image084_AF.png,39,345.500,86.500
282,084_study1_image084_AF.png,40,334.833,107.167
283,084_study1_image084_AF.png,41,313.500,82.500
284,084_study1_image084_AF.png,42,350.833,71.500
285,084_study1_image084_AF.png,43,290.500,44.833
286,084_study1_image084_AF.png,44,307.500,294.833
287,084_study1_image084_AF.png,45,277.500,321.833
288,084_study1_image084_AF.png,46,301.500,342.500
289,084_study1_image084_AF.png,47,333.167,325.833
290,084_study1_image084_AF.png,48,375.500,364.833
291,084_study1_image084_AF.png,49,346.167,354.500
292,084_study1_image084_AF.png,50,326.500,371.500
293,084_study1_image084_AF.png,51,232.167,360.833
294,084_study1_image084_AF.png,52,199.833,371.500
295,084_study1_image084_AF.png,53,187.500,355.500
296,084_study1_image084_AF.png,54,183.833,377.167
297,084_study1_image084_AF.png,55,184.833,405.500
298,084_study1_image084_AF.png,56,149.167,323.833
299,084_study1_image084_AF.png,57,119.833,339.500
300,084_study1_image084_AF.png,58,135.833,184.167
301,084_study1_image084_AF.png,59,107.833,158.167
302,084_study1_image084_AF.png,60,95.833,218.833
303,084_study1_image084_AF.png,61,118.500,243.500
304,084_study1_image084_AF.png,62,130.500,219.500
305,084_study1_image084_AF.png,63,150.500,246.833
306,084_study1_image084_AF.png,64,152.833,284.167
307,084_study1_image084_AF.png,65,126.833,271.167
308,084_study1_image084_AF.png,66,204.833,326.500
309,084_study1_image084_AF.png,67,368.167,315.500
310,084_study1_image084_AF.png,68,371.167,286.167
311,084_study1_image084_AF.png,69,333.167,257.167
312,084_study1_image084_AF.png,70,330.167,232.833
313,084_study1_image084_AF.png,71,331.167,209.167
314,084_study1_image084_AF.png,72,404.500,139.500
315,084_study1_image084_AF.png,73,413.833,149.167
316,084_study1_image084_AF.png,74,399.500,161.167
317,084_study1_image084_AF.png,75,405.500,193.167
318,084_study1_image084_AF.png,76,291.500,129.167
319,084_study1_image084_AF.png,77,325.833,63.167
320,084_study1_image084_AF.png,78,339.500,48.167
321,084_study1_image084_AF.png,79,381.167,68.167
322,084_study1_image084_AF.png,80,401.833,56.167
323,084_study1_image084_AF.png,81,428.500,88.500
324,084_study1_image084_AF.png,82,417.167,176.833
325,084_study1_image084_AF.png,83,391.833,219.833
326,084_study1_image084_AF.png,84,378.500,253.500
327,084_study1_image084_AF.png,85,326.833,405.500
328,084_study1_image084_AF.png,86,224.167,382.167
329,084_study1_image084_AF.png,87,232.833,402.167
330,084_study1_image084_AF.png,88,225.167,418.500
331,084_study1_image084_AF.png,89,247.167,412.167
332,084_study1_image084_AF.png,90,134.833,404.833
333,084_study1_image084_AF.png,91,35.500,202.500
334,084_study1_image084_AF.png,92,114.500,128.833
335,084_study1_image084_AF.png,93,132.833,145.500
336,084_study1_image084_AF.png,94,152.500,181.167
337,084_study1_image084_AF.png,95,157.167,212.500
338,084_study1_image084_AF.png,96,202.500,184.833
339,084_study1_image084_AF.png,97,223.833,170.167
340,084_study1_image084_AF.png,98,416.167,122.167
341,084_study1_image084_AF.png,99,363.167,41.500
342,084_study1_image084_AF.png,100,245.167,64.833
343,084_study1_image084_AF.png,101,169.167,58.500
344,084_study1_image084_AF.png,102,141.167,109.833
345,084_study1_image084_AF.png,103,96.500,144.833
346,084_study1_image084_AF.png,104,81.500,166.833
347,084_study1_image084_AF.png,105,86.167,197.167
348,084_study1_image084_AF.png,106,106.167,309.167
349,084_study1_image084_AF.png,107,96.833,355.500
350,084_study1_image084_AF.png,108,148.833,350.167
351,084_study1_image084_AF.png,110,378.833,404.167
352,084_study1_image084_AF.png,111,392.500,416.167
353,084_study1_image084_AF.png,112,338.167,455.833
354,084_study1_image084_AF.png,113,287.833,504.167
355,084_study1_image084_AF.png,114,245.167,495.833
356,084_study1_image084_AF.png,115,315.167,215.833
357,084_study1_image084_AF.png,116,235.500,472.500
358,084_study1_image084_AF.png,117,256.167,463.833
359,084_study1_image084_AF.png,118,153.167,418.167
360,084_study1_image084_AF.png,119,289.833,169.833
361,084_study1_image084_AF.png,120,413.167,310.833
362,084_study1_image084_AF.png,121,429.167,287.167
363,084_study1_image084_AF.png,122,66.167,127.167
364,084_study1_image084_AF.png,123,264.167,17.833
365,084_study1_image084_AF.png,124,133.500,36.833
366,107_study1_image107_AF.png,1,157.167,104.500
367,107_study1_image107_AF.png,2,128.833,129.500
368,107_study1_image107_AF.png,3,73.500,142.500
369,107_study1_image107_AF.png,4,47.167,173.833
370,107_study1_image107_AF.png,5,88.500,176.833
371,107_study1_image107_AF.png,6,103.167,113.833
372,107_study1_image107_AF.png,7,42.167,142.167
373,107_study1_image107_AF.png,8,268.833,62.500
374,107_study1_image107_AF.png,9,269.167,99.500
375,107_study1_image107_AF.png,10,257.833,88.167
376,107_study1_image107_AF.png,11,254.167,77.833
377,107_study1_image107_AF.png,12,198.500,105.500
378,107_study1_image107_AF.png,13,237.500,123.500
379,107_study1_image107_AF.png,14,249.833,127.167
380,107_study1_image107_AF.png,15,286.500,133.833
381,107_study1_image107_AF.png,16,265.500,170.833
382,107_study1_image107_AF.png,17,247.500,181.500
383,107_study1_image107_AF.png,18,219.833,199.500
384,107_study1_image107_AF.png,19,183.500,175.167
385,107_study1_image107_AF.png,20,188.500,137.500
386,107_study1_image107_AF.png,21,147.833,164.167
387,107_study1_image107_AF.png,22,153.833,143.833
388,107_study1_image107_AF.png,23,92.833,233.833
389,107_study1_image107_AF.png,24,63.167,279.500
390,107_study1_image107_AF.png,25,96.500,273.167
391,107_study1_image107_AF.png,26,147.833,249.500
392,107_study1_image107_AF.png,27,120.833,249.833
393,107_study1_image107_AF.png,28,140.167,228.833
394,107_study1_image107_AF.png,29,181.500,287.500
395,107_study1_image107_AF.png,30,196.500,304.500
396,107_study1_image107_AF.png,31,163.167,304.833
397,107_study1_image107_AF.png,32,139.167,296.833
398,107_study1_image107_AF.png,33,147.833,324.500
399,107_study1_image107_AF.png,34,198.167,258.167
400,107_study1_image107_AF.png,35,185.500,241.833
401,107_study1_image107_AF.png,36,216.500,237.500
402,107_study1_image107_AF.png,37,245.167,225.833
403,107_study1_image107_AF.png,38,245.500,204.167
404,107_study1_image107_AF.png,39,264.167,231.500
405,107_study1_image107_AF.png,40,300.500,232.833
406,107_study1_image107_AF.png,41,317.167,261.500
407,107_study1_image107_AF.png,42,275.500,273.167
408,107_study1_image107_AF.png,43,242.833,284.833
409,107_study1_image107_AF.png,44,282.167,293.833
410,107_study1_image107_AF.png,45,304.167,309.833
411,107_study1_image107_AF.png,46,337.500,293.833
412,107_study1_image107_AF.png,47,375.167,316.500
413,107_study1_image107_AF.png,48,342.167,330.500
414,107_study1_image107_AF.png,49,275.167,194.833
415,107_study1_image107_AF.png,50,298.833,72.833
416,107_study1_image107_AF.png,51,291.833,94.833
417,107_study1_image107_AF.png,52,297.833,54.167
418,107_study1_image107_AF.png,53,225.167,115.167
419,107_study1_image107_AF.png,54,226.833,97.167
420,107_study1_image107_AF.png,55,65.500,208.833
421,107_study1_image107_AF.png,56,97.833,197.167
422,107_study1_image107_AF.png,57,160.833,188.500
423,107_study1_image107_AF.png,58,145.500,201.500
424,107_study1_image107_AF.png,59,21.500,206.167
425,107_study1_image107_AF.png,60,12.833,219.167
426,107_study1_image107_AF.png,61,249.500,322.833
427,107_study1_image107_AF.png,62,221.833,336.167
428,107_study1_image107_AF.png,63,79.833,300.833
429,107_study1_image107_AF.png,64,85.167,315.833
430,107_study1_image107_AF.png,65,88.500,339.500
431,107_study1_image107_AF.png,66,69.167,365.167
432,107_study1_image107_AF.png,67,384.833,239.833
433,107_study1_image107_AF.png,68,388.833,258.500
434,107_study1_image107_AF.png,69,369.833,269.167
435,107_study1_image107_AF.png,70,400.500,215.833
436,107_study1_image107_AF.png,71,418.500,203.167
437,107_study1_image107_AF.png,72,433.500,174.833
438,107_study1_image107_AF.png,73,471.500,304.167
439,107_study1_image107_AF.png,74,495.500,308.833
440,107_study1_image107_AF.png,75,445.167,290.500
441,107_study1_image107_AF.png,76,458.500,273.167
442,107_study1_image107_AF.png,77,440.833,240.833
443,107_study1_image107_AF.png,78,424.833,257.833
444,107_study1_image107_AF.png,79,437.500,325.500
445,107_study1_image107_AF.png,80,431.167,351.833
446,107_study1_image107_AF.png,81,404.500,342.167
447,107_study1_image107_AF.png,82,395.500,302.500
448,107_study1_image107_AF.png,83,313.167,290.167
449,107_study1_image107_AF.png,84,61.167,400.500
450,107_study1_image107_AF.png,85,90.833,425.833
451,107_study1_image107_AF.png,86,102.167,433.833
452,107_study1_image107_AF.png,87,107.833,455.500
453,107_study1_image107_AF.png,88,83.167,452.500
454,107_study1_image107_AF.png,89,101.500,477.833
455,107_study1_image107_AF.png,90,168.167,468.833
456,107_study1_image107_AF.png,91,202.500,454.167
457,107_study1_image107_AF.png,92,227.167,448.833
458,107_study1_image107_AF.png,93,205.167,437.167
459,107_study1_image107_AF.png,94,281.833,447.500
460,107_study1_image107_AF.png,95,297.500,424.167
461,107_study1_image107_AF.png,96,311.500,411.167
462,107_study1_image107_AF.png,97,329.833,399.167
463,107_study1_image107_AF.png,98,355.500,414.167
464,107_study1_image107_AF.png,99,380.500,428.833
465,107_study1_image107_AF.png,100,444.500,149.833
466,107_study1_image107_AF.png,101,484.500,164.167
467,107_study1_image107_AF.png,102,494.500,206.500
468,107_study1_image107_AF.png,103,464.833,212.833
469,107_study1_image107_AF.png,104,472.167,340.833
470,107_study1_image107_AF.png,105,481.167,362.833
471,107_study1_image107_AF.png,106,505.167,402.167
472,107_study1_image107_AF.png,107,360.500,392.833
473,107_study1_image107_AF.png,108,408.500,384.833
474,107_study1_image107_AF.png,109,455.833,366.500
475,107_study1_image107_AF.png,110,461.833,389.167
476,107_study1_image107_AF.png,111,444.833,422.833
477,107_study1_image107_AF.png,112,366.167,456.833
478,107_study1_image107_AF.png,113,344.167,447.500
479,107_study1_image107_AF.png,114,342.500,473.167
480,107_study1_image107_AF.png,115,320.833,491.500
481,107_study1_image107_AF.png,116,302.833,457.167
482,107_study1_image107_AF.png,117,285.500,472.500
483,107_study1_image107_AF.png,118,249.167,474.500
484,107_study1_image107_AF.png,119,236.167,487.833
485,107_study1_image107_AF.png,120,207.500,381.167
486,107_study1_image107_AF.png,121,226.833,395.833
487,107_study1_image107_AF.png,122,254.167,404.167
488,107_study1_image107_AF.png,123,245.833,379.500
489,107_study1_image107_AF.png,124,269.500,390.500
490,107_study1_image107_AF.png,125,297.833,385.500
491,107_study1_image107_AF.png,126,258.500,335.833
492,107_study1_image107_AF.png,127,280.167,326.167
493,107_study1_image107_AF.png,128,52.500,365.500
494,107_study1_image107_AF.png,129,207.167,478.167
495,107_study1_image107_AF.png,130,153.833,497.167
496,107_study1_image107_AF.png,131,118.167,493.833
497,107_study1_image107_AF.png,132,417.167,455.167
498,107_study1_image107_AF.png,133,387.167,498.167
499,107_study1_image107_AF.png,134,475.500,34.833
500,107_study1_image107_AF.png,135,489.167,62.833
501,107_study1_image107_AF.png,136,476.500,83.833
502,107_study1_image107_AF.png,137,449.167,73.500
503,107_study1_image107_AF.png,138,463.833,99.500
504,107_study1_image107_AF.png,139,480.500,123.167
505,107_study1_image107_AF.png,140,468.167,138.500
506,107_study1_image107_AF.png,141,506.833,131.500
507,107_study1_image107_AF.png,142,506.167,148.167
508,107_study1_image107_AF.png,143,501.500,112.500
509,107_study1_image107_AF.png,144,430.833,134.833
510,107_study1_image107_AF.png,145,453.833,37.167
511,107_study1_image107_AF.png,146,58.833,28.833
512,107_study1_image107_AF.png,147,122.167,347.500
513,107_study1_image107_AF.png,148,190.167,195.500
514,107_study1_image107_AF.png,149,39.833,271.833
515,107_study1_image107_AF.png,150,12.833,314.833
516,126_study1_image126_AF.png,1,16.167,284.500
517,126_study1_image126_AF.png,2,34.500,306.833
518,126_study1_image126_AF.png,3,318.833,330.167
519,126_study1_image126_AF.png,4,296.167,335.167
520,126_study1_image126_AF.png,5,223.833,361.167
521,126_study1_image126_AF.png,6,183.167,99.833
522,126_study1_image126_AF.png,7,196.167,125.833
523,126_study1_image126_AF.png,8,152.833,205.500
524,126_study1_image126_AF.png,9,263.167,242.833
525,126_study1_image126_AF.png,10,453.833,386.833
526,126_study1_image126_AF.png,11,436.167,374.167
527,126_study1_image126_AF.png,12,404.500,319.167
528,126_study1_image126_AF.png,13,420.167,145.167
529,126_study1_image126_AF.png,14,425.833,418.167
530,126_study1_image126_AF.png,15,176.500,136.500
531,126_study1_image126_AF.png,16,382.500,23.500
532,126_study1_image126_AF.png,18,87.833,238.167
533,142_study1_image142_AF.png,1,169.167,411.833
534,142_study1_image142_AF.png,2,126.833,183.833
535,142_study1_image142_AF.png,3,168.500,244.500
536,142_study1_image142_AF.png,4,137.833,236.167
537,142_study1_image142_AF.png,5,248.833,55.833
538,142_study1_image142_AF.png,6,267.500,84.500
539,142_study1_image142_AF.png,7,274.500,97.167
540,142_study1_image142_AF.png,8,340.833,101.833
541,142_study1_image142_AF.png,9,324.833,83.167
542,142_study1_image142_AF.png,10,197.167,365.500
543,142_study1_image142_AF.png,11,226.167,384.167
544,142_study1_image142_AF.png,12,193.167,469.500
545,142_study1_image142_AF.png,13,197.167,497.500
546,142_study1_image142_AF.png,14,177.833,484.833
547,142_study1_image142_AF.png,15,257.167,488.500
548,142_study1_image142_AF.png,16,134.833,419.833
549,142_study1_image142_AF.png,17,146.167,400.833
550,142_study1_image142_AF.png,18,140.833,353.167
551,142_study1_image142_AF.png,19,129.833,221.833
552,142_study1_image142_AF.png,20,66.500,220.167
553,142_study1_image142_AF.png,21,116.500,144.167
554,142_study1_image142_AF.png,22,111.500,164.833
555,142_study1_image142_AF.png,23,203.500,28.167
556,142_study1_image142_AF.png,24,240.167,14.833
557,142_study1_image142_AF.png,25,402.500,346.167
558,142_study1_image142_AF.png,26,109.500,381.833
559,142_study1_image142_AF.png,27,94.500,312.167
560,142_study1_image142_AF.png,28,374.167,360.167
561,142_study1_image142_AF.png,29,172.500,238.833
562,142_study1_image142_AF.png,30,437.167,346.833
563,142_study1_image142_AF.png,31,382.167,425.500
564,142_study1_image142_AF.png,32,263.167,434.500
565,142_study1_image142_AF.png,33,428.833,285.500
566,142_study1_image142_AF.png,34,449.500,272.500
567,142_study1_image142_AF.png,35,276.167,44.500
568,142_study1_image142_AF.png,36,114.500,284.500
569,142_study1_image142_AF.png,38,110.833,431.167
570,171_study2_image008_AF.png,1,80.167,160.500
571,171_study2_image008_AF.png,2,132.833,101.500
572,171_study2_image008_AF.png,3,160.500,198.167
573,171_study2_image008_AF.png,4,270.500,139.500
574,171_study2_image008_AF.png,5,389.167,115.167
575,171_study2_image008_AF.png,6,481.167,122.167
576,171_study2_image008_AF.png,7,484.833,196.167
577,171_study2_image008_AF.png,8,349.500,276.833
578,171_study2_image008_AF.png,9,326.500,266.167
579,171_study2_image008_AF.png,10,312.500,265.167
580,171_study2_image008_AF.png,11,172.167,218.500
581,171_study2_image008_AF.png,12,72.500,261.167
582,171_study2_image008_AF.png,13,55.833,243.833
583,171_study2_image008_AF.png,14,35.500,253.833
584,171_study2_image008_AF.png,15,41.833,268.500
585,171_study2_image008_AF.png,16,45.167,289.167
586,171_study2_image008_AF.png,17,14.833,256.167
587,171_study2_image008_AF.png,18,13.833,188.833
588,171_study2_image008_AF.png,19,17.167,155.833
589,171_study2_image008_AF.png,20,58.500,212.500
590,171_study2_image008_AF.png,21,157.167,233.500
591,171_study2_image008_AF.png,22,195.500,296.500
592,171_study2_image008_AF.png,23,206.500,318.500
593,171_study2_image008_AF.png,24,236.167,324.500
594,171_study2_image008_AF.png,25,249.500,324.167
595,171_study2_image008_AF.png,26,315.167,339.167
596,171_study2_image008_AF.png,27,161.833,371.833
597,171_study2_image008_AF.png,28,141.167,376.500
598,171_study2_image008_AF.png,29,167.167,397.833
599,171_study2_image008_AF.png,30,148.167,403.500
600,171_study2_image008_AF.png,31,164.167,346.500
601,171_study2_image008_AF.png,32,127.500,320.500
602,171_study2_image008_AF.png,33,93.500,296.833
603,171_study2_image008_AF.png,34,194.500,342.500
604,171_study2_image008_AF.png,35,57.500,361.500
605,171_study2_image008_AF.png,36,28.833,380.833
606,171_study2_image008_AF.png,37,59.500,445.500
607,171_study2_image008_AF.png,38,130.833,436.833
608,171_study2_image008_AF.png,39,333.833,363.500
609,171_study2_image008_AF.png,40,374.167,390.833
610,171_study2_image008_AF.png,41,421.500,382.833
611,171_study2_image008_AF.png,42,432.833,376.167
612,171_study2_image008_AF.png,43,448.833,377.500
613,171_study2_image008_AF.png,44,475.833,371.500
614,171_study2_image008_AF.png,45,483.167,324.500
615,171_study2_image008_AF.png,46,383.833,291.167
616,171_study2_image008_AF.png,47,400.500,288.833
617,171_study2_image008_AF.png,48,406.500,228.833
618,171_study2_image008_AF.png,49,409.167,175.167
619,171_study2_image008_AF.png,50,465.167,216.500
620,171_study2_image008_AF.png,51,385.500,140.500
621,171_study2_image008_AF.png,52,207.833,247.167
622,171_study2_image008_AF.png,53,266.833,309.500
623,171_study2_image008_AF.png,54,284.833,379.500
624,171_study2_image008_AF.png,55,212.167,427.833
625,171_study2_image008_AF.png,56,104.833,462.833
626,171_study2_image008_AF.png,57,119.167,259.500
627,171_study2_image008_AF.png,58,20.500,126.500
628,171_study2_image008_AF.png,59,229.833,235.167
629,171_study2_image008_AF.png,60,241.833,225.167
630,171_study2_image008_AF.png,61,300.500,87.167
631,171_study2_image008_AF.png,62,238.500,468.167
632,171_study2_image008_AF.png,63,244.167,488.500
633,171_study2_image008_AF.png,64,236.167,148.833
634,171_study2_image008_AF.png,65,243.167,164.500
635,171_study2_image008_AF.png,66,338.500,37.167
636,171_study2_image008_AF.png,67,339.500,54.833
637,171_study2_image008_AF.png,68,82.833,101.833
638,189_study2_image026_AF.png,1,78.167,51.167
639,189_study2_image026_AF.png,2,65.833,25.167
640,189_study2_image026_AF.png,3,57.833,52.833
641,189_study2_image026_AF.png,4,148.500,7.833
642,189_study2_image026_AF.png,5,233.500,19.833
643,189_study2_image026_AF.png,6,251.833,5.833
644,189_study2_image026_AF.png,7,230.500,70.833
645,189_study2_image026_AF.png,8,214.500,114.500
646,189_study2_image026_AF.png,9,234.167,106.167
647,189_study2_image026_AF.png,10,257.167,111.500
648,189_study2_image026_AF.png,11,91.167,108.500
649,189_study2_image026_AF.png,12,89.500,130.500
650,189_study2_image026_AF.png,13,103.833,137.167
651,189_study2_image026_AF.png,14,100.833,166.500
652,189_study2_image026_AF.png,15,410.167,86.500
653,189_study2_image026_AF.png,16,392.500,143.167
654,189_study2_image026_AF.png,17,416.167,154.500
655,189_study2_image026_AF.png,18,451.833,140.833
656,189_study2_image026_AF.png,19,468.833,154.167
657,189_study2_image026_AF.png,20,473.500,181.500
658,189_study2_image026_AF.png,21,342.167,208.833
659,189_study2_image026_AF.png,22,302.833,247.167
660,189_study2_image026_AF.png,23,320.500,326.167
661,189_study2_image026_AF.png,24,290.500,283.500
662,189_study2_image026_AF.png,25,269.833,281.167
663,189_study2_image026_AF.png,26,253.167,286.833
664,189_study2_image026_AF.png,27,276.500,300.500
665,189_study2_image026_AF.png,28,254.500,304.833
666,189_study2_image026_AF.png,29,262.833,349.833
667,189_study2_image026_AF.png,30,380.833,307.833
668,189_study2_image026_AF.png,31,499.167,276.167
669,189_study2_image026_AF.png,32,362.833,263.167
670,189_study2_image026_AF.png,33,318.500,269.167
671,189_study2_image026_AF.png,34,234.167,249.167
672,189_study2_image026_AF.png,35,197.500,279.500
673,189_study2_image026_AF.png,36,149.500,268.167
674,189_study2_image026_AF.png,37,107.167,279.500
675,189_study2_image026_AF.png,38,118.500,266.167
676,189_study2_image026_AF.png,39,89.833,303.167
677,189_study2_image026_AF.png,40,18.500,210.500
678,189_study2_image026_AF.png,41,18.500,232.833
679,189_study2_image026_AF.png,42,16.833,249.167
680,189_study2_image026_AF.png,43,84.500,209.167
681,189_study2_image026_AF.png,44,139.167,174.500
682,189_study2_image026_AF.png,45,163.500,169.167
683,189_study2_image026_AF.png,46,200.167,139.167
684,189_study2_image026_AF.png,47,110.833,117.833
685,189_study2_image026_AF.png,48,121.500,85.833
686,189_study2_image026_AF.png,49,105.500,73.833
687,189_study2_image026_AF.png,50,399.500,39.500
688,189_study2_image026_AF.png,51,401.167,18.500
689,189_study2_image026_AF.png,52,379.500,40.833
690,189_study2_image026_AF.png,53,360.833,15.167
691,189_study2_image026_AF.png,54,338.167,28.500
692,189_study2_image026_AF.png,55,424.167,47.500
693,189_study2_image026_AF.png,56,459.167,58.500
694,189_study2_image026_AF.png,57,303.167,189.833
695,189_study2_image026_AF.png,58,285.500,171.833
696,189_study2_image026_AF.png,59,259.167,175.833
697,189_study2_image026_AF.png,60,73.833,155.833
698,189_study2_image026_AF.png,61,390.500,263.167
699,189_study2_image026_AF.png,62,484.500,297.500
700,189_study2_image026_AF.png,63,420.500,350.833
701,189_study2_image026_AF.png,64,433.833,380.833
702,189_study2_image026_AF.png,65,410.500,367.833
703,189_study2_image026_AF.png,66,417.500,389.167
704,189_study2_image026_AF.png,67,426.167,413.500
705,189_study2_image026_AF.png,68,291.833,384.500
706,189_study2_image026_AF.png,69,262.167,384.500
707,189_study2_image026_AF.png,70,178.833,343.833
708,189_study2_image026_AF.png,71,187.500,306.167
709,189_study2_image026_AF.png,72,169.167,330.167
710,189_study2_image026_AF.png,73,126.500,326.167
711,189_study2_image026_AF.png,74,107.500,321.833
712,189_study2_image026_AF.png,75,58.833,347.500
713,189_study2_image026_AF.png,76,43.167,357.500
714,189_study2_image026_AF.png,77,26.167,375.833
715,189_study2_image026_AF.png,78,30.167,328.500
716,189_study2_image026_AF.png,79,11.833,322.833
717,189_study2_image026_AF.png,80,508.500,51.167
718,189_study2_image026_AF.png,81,353.833,283.500
719,189_study2_image026_AF.png,82,226.833,209.833
720,189_study2_image026_AF.png,83,287.500,347.167
721,189_study2_image026_AF.png,84,319.833,367.167
722,189_study2_image026_AF.png,85,323.500,387.167
723,189_study2_image026_AF.png,86,209.500,405.167
724,189_study2_image026_AF.png,87,208.167,376.167
725,189_study2_image026_AF.png,88,163.500,399.500
726,189_study2_image026_AF.png,89,156.833,417.833
727,189_study2_image026_AF.png,90,304.833,449.833
728,189_study2_image026_AF.png,91,278.167,464.833
729,189_study2_image026_AF.png,92,292.167,428.167
730,189_study2_image026_AF.png,93,288.167,407.167
731,189_study2_image026_AF.png,94,270.500,406.167
732,189_study2_image026_AF.png,95,250.500,414.833
733,189_study2_image026_AF.png,96,234.500,451.167
734,189_study2_image026_AF.png,97,208.500,458.500
735,189_study2_image026_AF.png,98,186.167,462.833
736,189_study2_image026_AF.png,99,477.500,323.167
737,189_study2_image026_AF.png,100,413.500,128.833
738,189_study2_image026_AF.png,101,103.500,381.500
739,189_study2_image026_AF.png,102,79.833,364.833
740,189_study2_image026_AF.png,103,162.833,377.500
741,189_study2_image026_AF.png,104,345.167,243.167
742,189_study2_image026_AF.png,105,380.500,464.833
743,189_study2_image026_AF.png,106,261.167,475.833
744,189_study2_image026_AF.png,107,148.167,475.833
745,189_study2_image026_AF.png,108,65.833,468.500
746,189_study2_image026_AF.png,109,82.500,462.833
747,189_study2_image026_AF.png,110,38.167,461.833
748,189_study2_image026_AF.png,111,27.167,487.833
749,189_study2_image026_AF.png,112,453.833,356.500
750,189_study2_image026_AF.png,113,469.167,261.167
751,189_study2_image026_AF.png,114,347.833,84.167
752,189_study2_image026_AF.png,115,108.833,475.833
753,189_study2_image026_AF.png,116,292.500,482.833
754,189_study2_image026_AF.png,117,20.500,274.167
755,189_study2_image026_AF.png,118,53.167,320.167
756,189_study2_image026_AF.png,119,165.500,6.833
757,189_study2_image026_AF.png,120,27.500,18.833
758,189_study2_image026_AF.png,121,497.500,387.167
759,189_study2_image026_AF.png,122,356.833,415.833
760,189_study2_image026_AF.png,123,298.833,368.500
761,189_study2_image026_AF.png,124,265.167,427.167
762,189_study2_image026_AF.png,125,141.167,375.167
763,189_study2_image026_AF.png,126,146.500,399.500
764,189_study2_image026_AF.png,127,65.833,195.500
765,213_study2_image050_AF.png,2,110.500,375.833
766,213_study2_image050_AF.png,3,108.167,353.167
767,213_study2_image050_AF.png,4,82.167,115.500
768,213_study2_image050_AF.png,5,194.500,144.500
769,213_study2_image050_AF.png,6,233.833,171.500
770,213_study2_image050_AF.png,7,267.500,145.833
771,213_study2_image050_AF.png,8,104.167,271.167
772,213_study2_image050_AF.png,9,86.500,265.167
773,213_study2_image050_AF.png,10,132.167,272.167
774,213_study2_image050_AF.png,11,120.833,225.500
775,213_study2_image050_AF.png,12,104.833,210.167
776,213_study2_image050_AF.png,13,97.500,187.167
777,213_study2_image050_AF.png,14,35.167,416.500
778,213_study2_image050_AF.png,15,60.167,362.500
779,213_study2_image050_AF.png,16,62.833,388.167
780,213_study2_image050_AF.png,17,358.167,326.500
781,213_study2_image050_AF.png,18,294.833,335.167
782,213_study2_image050_AF.png,19,260.833,331.833
783,213_study2_image050_AF.png,20,236.833,437.167
784,213_study2_image050_AF.png,21,181.167,439.833
785,213_study2_image050_AF.png,22,67.833,348.833
786,213_study2_image050_AF.png,23,81.500,331.167
787,213_study2_image050_AF.png,24,81.500,236.833
788,213_study2_image050_AF.png,25,271.833,186.500
789,213_study2_image050_AF.png,26,275.833,165.167
790,213_study2_image050_AF.png,27,352.500,97.833
791,213_study2_image050_AF.png,28,464.833,61.833
792,213_study2_image050_AF.png,29,488.500,69.167
793,213_study2_image050_AF.png,30,417.167,27.833
794,213_study2_image050_AF.png,31,379.167,238.500
795,213_study2_image050_AF.png,32,395.833,315.167
796,213_study2_image050_AF.png,33,427.500,315.167
797,213_study2_image050_AF.png,34,273.833,264.500
798,213_study2_image050_AF.png,35,258.500,78.167
799,213_study2_image050_AF.png,36,192.167,17.167
800,213_study2_image050_AF.png,37,239.167,35.167
801,213_study2_image050_AF.png,38,396.833,231.167
802,213_study2_image050_AF.png,39,448.833,72.833
803,213_study2_image050_AF.png,40,465.167,35.500
804,213_study2_image050_AF.png,41,285.167,103.167
805,213_study2_image050_AF.png,42,92.167,68.833
806,213_study2_image050_AF.png,43,141.167,494.833
807,213_study2_image050_AF.png,44,222.500,145.500
808,213_study2_image050_AF.png,45,108.167,396.500
809,213_study2_image050_AF.png,46,42.833,342.500
810,213_study2_image050_AF.png,47,53.833,244.167
811,243_study2_image080_AF.png,1,372.833,63.500
812,243_study2_image080_AF.png,2,350.500,78.167
813,243_study2_image080_AF.png,3,361.833,91.167
814,243_study2_image080_AF.png,4,35.167,12.500
815,243_study2_image080_AF.png,5,135.500,52.500
816,243_study2_image080_AF.png,6,150.833,53.833
817,243_study2_image080_AF.png,7,197.500,169.167
818,243_study2_image080_AF.png,8,209.833,152.167
819,243_study2_image080_AF.png,9,183.833,148.500
820,243_study2_image080_AF.png,10,167.500,166.833
821,243_study2_image080_AF.png,11,175.167,184.167
822,243_study2_image080_AF.png,12,154.167,189.500
823,243_study2_image080_AF.png,13,161.500,204.167
824,243_study2_image080_AF.png,14,134.833,204.500
825,243_study2_image080_AF.png,15,117.500,211.833
826,243_study2_image080_AF.png,16,127.500,183.167
827,243_study2_image080_AF.png,17,101.167,149.167
828,243_study2_image080_AF.png,18,58.167,191.500
829,243_study2_image080_AF.png,19,22.833,221.167
830,243_study2_image080_AF.png,20,58.167,239.833
831,243_study2_image080_AF.png,21,60.500,259.833
832,243_study2_image080_AF.png,22,51.500,285.500
833,243_study2_image080_AF.png,23,33.833,312.167
834,243_study2_image080_AF.png,24,23.833,338.167
835,243_study2_image080_AF.png,25,13.833,270.500
836,243_study2_image080_AF.png,26,157.833,367.833
837,243_study2_image080_AF.png,27,126.833,348.167
838,243_study2_image080_AF.png,28,114.167,327.833
839,243_study2_image080_AF.png,29,126.833,317.500
840,243_study2_image080_AF.png,30,151.833,295.167
841,243_study2_image080_AF.png,31,145.833,254.500
842,243_study2_image080_AF.png,32,129.167,251.833
843,243_study2_image080_AF.png,33,163.167,253.500
844,243_study2_image080_AF.png,34,155.167,235.167
845,243_study2_image080_AF.png,35,170.167,232.833
846,243_study2_image080_AF.png,36,185.833,235.167
847,243_study2_image080_AF.png,37,198.833,250.167
848,243_study2_image080_AF.png,38,215.833,256.833
849,243_study2_image080_AF.png,39,216.833,286.167
850,243_study2_image080_AF.png,40,216.833,306.500
851,243_study2_image080_AF.png,41,217.167,325.833
852,243_study2_image080_AF.png,42,196.167,321.500
853,243_study2_image080_AF.png,43,189.833,302.500
854,243_study2_image080_AF.png,44,238.833,315.500
855,243_study2_image080_AF.png,45,238.167,292.500
856,243_study2_image080_AF.png,46,261.833,310.500
857,243_study2_image080_AF.png,47,264.167,338.167
858,243_study2_image080_AF.png,48,260.167,400.167
859,243_study2_image080_AF.png,49,243.500,387.500
860,243_study2_image080_AF.png,50,244.167,431.500
861,243_study2_image080_AF.png,51,241.833,462.500
862,243_study2_image080_AF.png,52,219.833,459.167
863,243_study2_image080_AF.png,53,223.167,482.167
864,243_study2_image080_AF.png,54,209.167,461.167
865,243_study2_image080_AF.png,55,188.500,462.833
866,243_study2_image080_AF.png,56,172.167,466.833
867,243_study2_image080_AF.png,57,188.833,489.833
868,243_study2_image080_AF.png,58,149.167,440.833
869,243_study2_image080_AF.png,59,119.833,436.833
870,243_study2_image080_AF.png,60,139.833,429.833
871,243_study2_image080_AF.png,61,110.833,397.833
872,243_study2_image080_AF.png,62,93.167,380.833
873,243_study2_image080_AF.png,63,301.500,338.167
874,243_study2_image080_AF.png,64,290.500,368.833
875,243_study2_image080_AF.png,65,219.167,365.500
876,243_study2_image080_AF.png,66,88.167,504.167
877,243_study2_image080_AF.png,67,107.833,488.167
878,243_study2_image080_AF.png,68,35.167,422.500
879,243_study2_image080_AF.png,69,27.833,415.167
880,243_study2_image080_AF.png,70,94.500,450.167
881,243_study2_image080_AF.png,71,436.833,16.500
882,243_study2_image080_AF.png,72,411.500,55.167
883,243_study2_image080_AF.png,73,442.833,195.833
884,243_study2_image080_AF.png,74,429.833,213.167
885,243_study2_image080_AF.png,75,431.833,245.500
886,243_study2_image080_AF.png,76,401.500,283.833
887,243_study2_image080_AF.png,77,371.500,318.833
888,243_study2_image080_AF.png,78,383.500,372.500
889,243_study2_image080_AF.png,79,360.167,379.167
890,243_study2_image080_AF.png,80,374.500,397.500
891,243_study2_image080_AF.png,81,413.500,424.167
892,243_study2_image080_AF.png,82,442.833,420.833
893,243_study2_image080_AF.png,83,427.833,394.500
894,243_study2_image080_AF.png,84,362.833,440.167
895,243_study2_image080_AF.png,85,372.167,453.833
896,243_study2_image080_AF.png,86,356.167,474.167
897,243_study2_image080_AF.png,87,304.833,492.167
898,243_study2_image080_AF.png,88,329.167,375.167
899,243_study2_image080_AF.png,89,312.833,380.500
900,243_study2_image080_AF.png,90,174.167,120.833
901,243_study2_image080_AF.png,91,187.167,128.833
902,243_study2_image080_AF.png,92,197.500,137.167
903,243_study2_image080_AF.png,93,125.167,150.500
904,243_study2_image080_AF.png,94,335.167,63.833
905,243_study2_image080_AF.png,95,351.167,154.833
906,243_study2_image080_AF.png,96,397.500,250.167
907,243_study2_image080_AF.png,97,355.500,312.500
908,243_study2_image080_AF.png,98,223.833,223.833
909,243_study2_image080_AF.png,99,201.500,101.833
910,243_study2_image080_AF.png,100,397.167,87.833
911,243_study2_image080_AF.png,101,414.833,80.167
912,243_study2_image080_AF.png,102,428.500,100.167
913,243_study2_image080_AF.png,103,448.500,113.500
914,243_study2_image080_AF.png,104,469.500,77.833
915,243_study2_image080_AF.png,105,450.833,75.500
916,243_study2_image080_AF.png,106,465.500,147.833
917,243_study2_image080_AF.png,107,451.500,281.167
918,243_study2_image080_AF.png,108,424.500,273.167
919,243_study2_image080_AF.png,109,352.833,332.167
920,243_study2_image080_AF.png,110,403.833,342.833
921,243_study2_image080_AF.png,111,412.167,324.167
922,243_study2_image080_AF.png,112,252.167,104.167
923,243_study2_image080_AF.png,113,267.833,115.167
924,243_study2_image080_AF.png,114,241.500,131.833
925,243_study2_image080_AF.png,115,335.167,101.500
926,243_study2_image080_AF.png,116,421.500,28.500
927,243_study2_image080_AF.png,117,362.833,24.500
928,243_study2_image080_AF.png,118,321.833,40.167
929,243_study2_image080_AF.png,119,54.833,146.500
930,243_study2_image080_AF.png,120,42.500,165.167
931,243_study2_image080_AF.png,121,73.833,447.833
932,243_study2_image080_AF.png,122,458.833,417.167
933,243_study2_image080_AF.png,123,122.833,478.500
934,243_study2_image080_AF.png,124,179.833,440.500
935,243_study2_image080_AF.png,125,285.167,58.500
936,243_study2_image080_AF.png,126,83.167,17.167
937,243_study2_image080_AF.png,127,75.833,43.167
938,257_study2_image094_AF.png,1,227.833,16.833
939,257_study2_image094_AF.png,2,248.500,23.500
940,257_study2_image094_AF.png,3,287.500,19.833
941,257_study2_image094_AF.png,4,377.167,14.833
942,257_study2_image094_AF.png,5,480.500,19.167
943,257_study2_image094_AF.png,6,452.167,21.167
944,257_study2_image094_AF.png,7,444.167,88.833
945,257_study2_image094_AF.png,8,460.833,122.500
946,257_study2_image094_AF.png,9,335.500,34.833
947,257_study2_image094_AF.png,10,45.500,56.500
948,257_study2_image094_AF.png,11,76.833,40.167
949,257_study2_image094_AF.png,12,88.833,54.500
950,257_study2_image094_AF.png,13,209.833,112.833
951,257_study2_image094_AF.png,14,178.833,117.500
952,257_study2_image094_AF.png,15,120.500,177.167
953,257_study2_image094_AF.png,16,84.500,174.167
954,257_study2_image094_AF.png,17,56.833,127.833
955,257_study2_image094_AF.png,18,114.500,50.500
956,257_study2_image094_AF.png,19,318.167,117.833
957,257_study2_image094_AF.png,20,303.167,145.833
958,257_study2_image094_AF.png,21,279.500,121.833
959,257_study2_image094_AF.png,22,256.500,121.500
960,257_study2_image094_AF.png,23,257.167,144.500
961,257_study2_image094_AF.png,24,294.500,176.833
962,257_study2_image094_AF.png,25,267.167,179.833
963,257_study2_image094_AF.png,26,334.167,204.167
964,257_study2_image094_AF.png,27,395.167,146.167
965,257_study2_image094_AF.png,28,370.500,108.500
966,257_study2_image094_AF.png,29,480.500,162.167
967,257_study2_image094_AF.png,30,449.833,169.167
968,257_study2_image094_AF.png,31,474.167,187.500
969,257_study2_image094_AF.png,32,458.833,198.167
970,257_study2_image094_AF.png,33,490.833,214.500
971,257_study2_image094_AF.png,34,464.167,236.833
972,257_study2_image094_AF.png,35,496.167,251.833
973,257_study2_image094_AF.png,36,484.500,279.500
974,257_study2_image094_AF.png,37,443.167,273.833
975,257_study2_image094_AF.png,38,415.167,274.500
976,257_study2_image094_AF.png,39,414.500,248.167
977,257_study2_image094_AF.png,40,399.167,284.833
978,257_study2_image094_AF.png,41,413.167,326.500
979,257_study2_image094_AF.png,42,410.500,366.500
980,257_study2_image094_AF.png,43,353.167,327.167
981,257_study2_image094_AF.png,44,341.167,352.833
982,257_study2_image094_AF.png,45,321.167,164.833
983,257_study2_image094_AF.png,46,356.833,167.167
984,257_study2_image094_AF.png,47,370.500,185.833
985,257_study2_image094_AF.png,48,481.167,96.833
986,257_study2_image094_AF.png,49,69.500,217.833
987,257_study2_image094_AF.png,50,47.833,214.167
988,257_study2_image094_AF.png,51,25.833,225.500
989,257_study2_image094_AF.png,52,54.500,245.833
990,257_study2_image094_AF.png,53,38.500,272.500
991,257_study2_image094_AF.png,54,15.167,264.167
992,257_study2_image094_AF.png,55,77.167,328.500
993,257_study2_image094_AF.png,56,143.500,362.167
994,257_study2_image094_AF.png,57,116.833,342.167
995,257_study2_image094_AF.png,58,149.833,336.167
996,257_study2_image094_AF.png,59,131.500,304.167
997,257_study2_image094_AF.png,60,117.833,277.500
998,257_study2_image094_AF.png,61,91.500,254.500
999,257_study2_image094_AF.png,62,91.167,230.167
1000,257_study2_image094_AF.png,63,112.500,225.500
1001,257_study2_image094_AF.png,65,201.167,324.833
1002,257_study2_image094_AF.png,66,205.500,277.500
1003,257_study2_image094_AF.png,67,317.833,292.833
1004,257_study2_image094_AF.png,68,355.833,412.833
1005,257_study2_image094_AF.png,69,332.167,466.500
1006,257_study2_image094_AF.png,70,248.500,463.167
1007,257_study2_image094_AF.png,71,294.833,497.167
1008,257_study2_image094_AF.png,72,225.833,429.500
1009,257_study2_image094_AF.png,74,137.500,446.833
1010,257_study2_image094_AF.png,75,175.500,416.833
1011,257_study2_image094_AF.png,76,69.500,443.167
1012,257_study2_image094_AF.png,77,175.167,481.167
1013,257_study2_image094_AF.png,78,172.500,246.500
1014,257_study2_image094_AF.png,79,197.833,227.833
1015,257_study2_image094_AF.png,80,112.167,385.500
1016,257_study2_image094_AF.png,81,428.833,120.833
1017,257_study2_image094_AF.png,82,392.833,116.500
1018,257_study2_image094_AF.png,83,280.833,311.500
1019,257_study2_image094_AF.png,84,370.167,299.833
1020,257_study2_image094_AF.png,85,470.167,329.500
1021,257_study2_image094_AF.png,86,487.167,350.167
1022,257_study2_image094_AF.png,87,469.833,368.167
1023,257_study2_image094_AF.png,88,379.500,433.167
1024,257_study2_image094_AF.png,89,154.167,270.833
1025,257_study2_image094_AF.png,90,166.500,307.167
1026,257_study2_image094_AF.png,91,236.167,123.167
1027,257_study2_image094_AF.png,92,13.833,33.500
1028,257_study2_image094_AF.png,93,18.167,431.833
1029,257_study2_image094_AF.png,94,333.500,254.167
1030,257_study2_image094_AF.png,95,431.833,215.833
1031,257_study2_image094_AF.png,96,80.167,78.833
1032,280_study2_image117_AF.png,1,219.833,51.167
1033,280_study2_image117_AF.png,2,268.167,84.833
1034,280_study2_image117_AF.png,3,201.500,89.500
1035,280_study2_image117_AF.png,4,216.167,109.833
1036,280_study2_image117_AF.png,5,198.500,112.833
1037,280_study2_image117_AF.png,6,199.167,133.500
1038,280_study2_image117_AF.png,7,218.833,151.167
1039,280_study2_image117_AF.png,8,230.167,140.833
1040,280_study2_image117_AF.png,9,254.167,131.500
1041,280_study2_image117_AF.png,10,240.167,113.500
1042,280_study2_image117_AF.png,11,148.167,195.833
1043,280_study2_image117_AF.png,12,17.833,386.833
1044,280_study2_image117_AF.png,13,31.833,429.833
1045,280_study2_image117_AF.png,14,196.500,434.833
1046,280_study2_image117_AF.png,15,245.833,280.167
1047,280_study2_image117_AF.png,16,425.167,96.500
1048,280_study2_image117_AF.png,17,445.500,86.833
1049,280_study2_image117_AF.png,18,470.500,11.167
1050,280_study2_image117_AF.png,19,476.500,93.500
1051,280_study2_image117_AF.png,20,404.833,156.167
1052,280_study2_image117_AF.png,21,383.500,175.167
1053,280_study2_image117_AF.png,22,362.833,167.500
1054,280_study2_image117_AF.png,23,360.167,203.500
1055,280_study2_image117_AF.png,24,204.500,170.500
1056,280_study2_image117_AF.png,25,186.167,157.167
1057,280_study2_image117_AF.png,26,90.167,29.833
1058,280_study2_image117_AF.png,27,169.500,140.833
1059,280_study2_image117_AF.png,28,169.167,347.167
1060,280_study2_image117_AF.png,29,214.500,129.833
1061,280_study2_image117_AF.png,30,222.833,423.500
1062,280_study2_image117_AF.png,31,488.167,320.833
1063,280_study2_image117_AF.png,32,497.833,346.833
1064,280_study2_image117_AF.png,33,464.500,128.167
1065,280_study2_image117_AF.png,34,46.833,242.833
1066,280_study2_image117_AF.png,35,42.167,490.500
1067,280_study2_image117_AF.png,36,48.500,470.167
1068,280_study2_image117_AF.png,37,291.167,89.167
1069,280_study2_image117_AF.png,38,313.167,56.833
1070,280_study2_image117_AF.png,39,180.833,209.833
1071,280_study2_image117_AF.png,40,167.500,225.500
1072,280_study2_image117_AF.png,41,51.167,81.833
1073,280_study2_image117_AF.png,42,24.500,101.500
1074,280_study2_image117_AF.png,43,146.833,111.167
1075,280_study2_image117_AF.png,44,129.167,124.833
1076,280_study2_image117_AF.png,45,163.500,89.833
1077,280_study2_image117_AF.png,46,179.167,98.833
1078,280_study2_image117_AF.png,47,191.500,44.833
1079,280_study2_image117_AF.png,48,182.833,71.167
1080,280_study2_image117_AF.png,49,359.833,350.500
1081,280_study2_image117_AF.png,50,267.833,332.500
1082,280_study2_image117_AF.png,52,277.833,152.500
1083,301_study2_image138_AF.png,1,273.167,79.833
1084,301_study2_image138_AF.png,2,218.167,115.500
1085,301_study2_image138_AF.png,3,244.167,139.500
1086,301_study2_image138_AF.png,4,345.833,186.833
1087,301_study2_image138_AF.png,5,369.167,180.167
1088,301_study2_image138_AF.png,6,377.500,200.167
1089,301_study2_image138_AF.png,7,396.833,163.500
1090,301_study2_image138_AF.png,8,379.833,140.833
1091,301_study2_image138_AF.png,9,375.833,159.833
1092,301_study2_image138_AF.png,10,337.833,158.167
1093,301_study2_image138_AF.png,11,462.500,124.500
1094,301_study2_image138_AF.png,12,364.833,242.500
1095,301_study2_image138_AF.png,13,328.500,248.833
1096,301_study2_image138_AF.png,14,54.500,195.833
1097,301_study2_image138_AF.png,15,70.167,202.833
1098,301_study2_image138_AF.png,16,172.833,344.500
1099,301_study2_image138_AF.png,17,184.833,359.833
1100,301_study2_image138_AF.png,18,151.167,361.167
1101,301_study2_image138_AF.png,19,173.500,378.833
1102,301_study2_image138_AF.png,20,185.500,386.833
1103,301_study2_image138_AF.png,21,261.167,323.833
1104,301_study2_image138_AF.png,22,192.167,326.500
1105,301_study2_image138_AF.png,23,197.500,344.500
1106,301_study2_image138_AF.png,24,177.500,324.167
1107,301_study2_image138_AF.png,25,312.833,427.167
1108,301_study2_image138_AF.png,26,308.833,449.833
1109,301_study2_image138_AF.png,27,332.833,453.167
1110,301_study2_image138_AF.png,28,292.167,461.167
1111,301_study2_image138_AF.png,29,299.833,483.167
1112,301_study2_image138_AF.png,30,243.167,497.167
1113,301_study2_image138_AF.png,31,381.833,445.167
1114,301_study2_image138_AF.png,32,401.833,424.833
1115,301_study2_image138_AF.png,33,433.500,443.833
1116,301_study2_image138_AF.png,34,435.833,485.500
1117,301_study2_image138_AF.png,35,412.833,487.500
1118,301_study2_image138_AF.png,36,412.500,467.833
1119,301_study2_image138_AF.png,37,460.167,406.500
1120,301_study2_image138_AF.png,38,436.833,394.833
1121,301_study2_image138_AF.png,39,390.500,395.167
1122,301_study2_image138_AF.png,40,374.167,388.167
1123,301_study2_image138_AF.png,41,362.167,412.167
1124,301_study2_image138_AF.png,42,341.167,402.167
1125,301_study2_image138_AF.png,43,336.500,375.833
1126,301_study2_image138_AF.png,44,340.500,359.500
1127,301_study2_image138_AF.png,45,320.167,385.833
1128,301_study2_image138_AF.png,46,309.833,407.500
1129,301_study2_image138_AF.png,47,346.833,429.500
1130,301_study2_image138_AF.png,48,353.167,446.500
1131,301_study2_image138_AF.png,49,352.167,389.167
1132,301_study2_image138_AF.png,50,317.500,324.833
1133,301_study2_image138_AF.png,51,323.167,346.500
1134,301_study2_image138_AF.png,52,459.833,478.833
1135,301_study2_image138_AF.png,53,450.167,501.500
1136,301_study2_image138_AF.png,54,91.500,443.500
1137,301_study2_image138_AF.png,55,303.500,219.833
1138,301_study2_image138_AF.png,56,274.167,172.833
1139,301_study2_image138_AF.png,57,420.167,173.167
1140,301_study2_image138_AF.png,58,240.167,33.833
1141,301_study2_image138_AF.png,59,215.167,27.833
1142,301_study2_image138_AF.png,60,203.833,47.833
1143,301_study2_image138_AF.png,61,282.833,29.833
1144,301_study2_image138_AF.png,62,242.500,109.833
1145,301_study2_image138_AF.png,63,159.167,181.500
1146,301_study2_image138_AF.png,64,115.833,123.833
1147,301_study2_image138_AF.png,65,270.500,295.500
1148,301_study2_image138_AF.png,66,299.833,111.167
1149,301_study2_image138_AF.png,67,351.833,101.167
1150,301_study2_image138_AF.png,68,374.167,115.500
1151,301_study2_image138_AF.png,69,297.167,65.167
1152,301_study2_image138_AF.png,70,298.167,80.167
1153,301_study2_image138_AF.png,71,256.833,55.833
1154,301_study2_image138_AF.png,72,292.500,47.500
1155,301_study2_image138_AF.png,73,359.167,43.167
1156,301_study2_image138_AF.png,74,460.167,30.500
1157,301_study2_image138_AF.png,75,438.833,130.167
1158,301_study2_image138_AF.png,76,451.833,161.500
1159,301_study2_image138_AF.png,77,391.167,335.167
1160,301_study2_image138_AF.png,78,247.500,233.833
1161,301_study2_image138_AF.png,79,441.500,371.833
1162,301_study2_image138_AF.png,80,288.167,270.500
1163,301_study2_image138_AF.png,81,138.500,296.833
1164,325_study2_image162_AF.png,1,194.833,30.167
1165,325_study2_image162_AF.png,2,50.167,103.167
1166,325_study2_image162_AF.png,3,65.833,84.833
1167,325_study2_image162_AF.png,4,21.500,98.500
1168,325_study2_image162_AF.png,5,117.500,51.500
1169,325_study2_image162_AF.png,6,58.167,21.500
1170,325_study2_image162_AF.png,7,34.833,29.167
1171,325_study2_image162_AF.png,8,165.500,147.167
1172,325_study2_image162_AF.png,10,119.500,131.500
1173,325_study2_image162_AF.png,11,122.167,151.167
1174,325_study2_image162_AF.png,12,258.167,102.833
1175,325_study2_image162_AF.png,13,279.500,95.500
1176,325_study2_image162_AF.png,14,287.167,109.500
1177,325_study2_image162_AF.png,15,340.500,86.500
1178,325_study2_image162_AF.png,17,359.167,126.167
1179,325_study2_image162_AF.png,18,358.500,106.500
1180,325_study2_image162_AF.png,19,359.500,71.500
1181,325_study2_image162_AF.png,20,425.167,78.167
1182,325_study2_image162_AF.png,21,426.833,122.833
1183,325_study2_image162_AF.png,22,454.167,123.500
1184,325_study2_image162_AF.png,23,471.500,121.833
1185,325_study2_image162_AF.png,24,95.500,313.833
1186,325_study2_image162_AF.png,25,64.500,290.500
1187,325_study2_image162_AF.png,26,69.167,262.833
1188,325_study2_image162_AF.png,27,54.167,302.500
1189,325_study2_image162_AF.png,28,68.500,242.833
1190,325_study2_image162_AF.png,29,43.167,252.167
1191,325_study2_image162_AF.png,30,17.833,283.833
1192,325_study2_image162_AF.png,31,120.833,313.500
1193,325_study2_image162_AF.png,32,142.833,307.500
1194,325_study2_image162_AF.png,33,163.833,303.500
1195,325_study2_image162_AF.png,34,167.833,326.500
1196,325_study2_image162_AF.png,35,210.167,336.167
1197,325_study2_image162_AF.png,36,207.500,294.167
1198,325_study2_image162_AF.png,37,265.500,286.833
1199,325_study2_image162_AF.png,38,290.833,281.500
1200,325_study2_image162_AF.png,39,303.500,294.833
1201,325_study2_image162_AF.png,40,334.833,320.833
1202,325_study2_image162_AF.png,41,358.833,333.167
1203,325_study2_image162_AF.png,42,373.167,332.833
1204,325_study2_image162_AF.png,43,391.167,340.167
1205,325_study2_image162_AF.png,44,374.167,356.167
1206,325_study2_image162_AF.png,45,391.833,369.167
1207,325_study2_image162_AF.png,46,365.167,383.500
1208,325_study2_image162_AF.png,47,357.167,399.167
1209,325_study2_image162_AF.png,48,323.833,381.500
1210,325_study2_image162_AF.png,49,239.167,415.833
1211,325_study2_image162_AF.png,50,240.833,356.500
1212,325_study2_image162_AF.png,51,162.500,402.500
1213,325_study2_image162_AF.png,52,91.500,463.500
1214,325_study2_image162_AF.png,53,146.500,441.167
1215,325_study2_image162_AF.png,54,257.833,236.500
1216,325_study2_image162_AF.png,55,238.167,209.167
1217,325_study2_image162_AF.png,56,236.500,187.167
1218,325_study2_image162_AF.png,57,249.167,182.500
1219,325_study2_image162_AF.png,58,284.500,194.500
1220,325_study2_image162_AF.png,59,281.833,215.500
1221,325_study2_image162_AF.png,60,226.833,252.500
1222,325_study2_image162_AF.png,61,249.167,257.167
1223,325_study2_image162_AF.png,62,260.833,257.833
1224,325_study2_image162_AF.png,63,74.500,313.833
1225,325_study2_image162_AF.png,64,269.167,371.167
1226,325_study2_image162_AF.png,65,343.167,214.833
1227,325_study2_image162_AF.png,66,462.167,142.500
1228,325_study2_image162_AF.png,67,480.167,141.500
1229,325_study2_image162_AF.png,68,484.833,155.500
1230,325_study2_image162_AF.png,69,464.167,67.833
1231,325_study2_image162_AF.png,70,438.500,51.500
1232,325_study2_image162_AF.png,71,435.833,68.167
1233,325_study2_image162_AF.png,72,491.500,24.167
1234,325_study2_image162_AF.png,73,484.167,43.833
1235,325_study2_image162_AF.png,74,490.833,74.833
1236,325_study2_image162_AF.png,75,434.167,97.833
1237,325_study2_image162_AF.png,76,469.167,176.167
1238,325_study2_image162_AF.png,77,393.167,229.500
1239,325_study2_image162_AF.png,78,416.167,280.833
1240,325_study2_image162_AF.png,79,477.167,265.500
1241,325_study2_image162_AF.png,80,230.500,369.833
1242,325_study2_image162_AF.png,81,165.833,385.167
1243,325_study2_image162_AF.png,82,197.500,363.500
1244,325_study2_image162_AF.png,83,189.167,301.500
1245,325_study2_image162_AF.png,84,265.500,155.167
1246,325_study2_image162_AF.png,85,382.500,447.500
1247,325_study2_image162_AF.png,86,309.833,419.167
1248,325_study2_image162_AF.png,87,46.500,505.167
1249,325_study2_image162_AF.png,88,23.167,392.833
1250,325_study2_image162_AF.png,89,11.500,411.833
1251,325_study2_image162_AF.png,90,29.500,419.500
1252,325_study2_image162_AF.png,91,78.500,360.500
1253,325_study2_image162_AF.png,92,63.500,414.500
1254,325_study2_image162_AF.png,93,36.167,444.500
1255,325_study2_image162_AF.png,94,35.500,462.500
1256,325_study2_image162_AF.png,95,144.833,287.167
1257,325_study2_image162_AF.png,96,441.833,240.833
1258,325_study2_image162_AF.png,97,461.500,412.833
1259,325_study2_image162_AF.png,98,428.833,440.833
1260,325_study2_image162_AF.png,99,73.500,150.833
1261,325_study2_image162_AF.png,100,148.167,117.833
1262,325_study2_image162_AF.png,101,402.833,36.167
1263,325_study2_image162_AF.png,102,10.833,163.500
1264,325_study2_image162_AF.png,103,33.167,76.167
1265,325_study2_image162_AF.png,104,420.500,412.833
1266,325_study2_image162_AF.png,105,487.167,453.167
1267,325_study2_image162_AF.png,106,484.167,389.167
1268,325_study2_image162_AF.png,107,338.500,344.500
1269,325_study2_image162_AF.png,108,342.167,362.833
1270,325_study2_image162_AF.png,109,263.833,324.167
1271,325_study2_image162_AF.png,110,230.167,296.500
1272,325_study2_image162_AF.png,112,323.833,402.500
1273,325_study2_image162_AF.png,113,455.500,452.167
1274,325_study2_image162_AF.png,114,439.500,468.833
1275,325_study2_image162_AF.png,116,210.833,101.833
1276,325_study2_image162_AF.png,117,216.500,64.500
1277,325_study2_image162_AF.png,118,172.167,102.833
1278,325_study2_image162_AF.png,119,232.500,83.833
